{
    "accuracy": [
        0.6953113079071045,
        0.872606635093689,
        0.9219056367874146,
        0.9505502581596375,
        0.9660786986351013,
        0.9775365591049194,
        0.9791949391365051,
        0.9846223592758179,
        0.9862807393074036,
        0.9900497794151306,
        0.9891451597213745,
        0.9886928796768188
    ],
    "loss": [
        0.5606154203414917,
        0.300994873046875,
        0.18616554141044617,
        0.13037212193012238,
        0.0966060608625412,
        0.07048343867063522,
        0.06441004574298859,
        0.04761841893196106,
        0.04077468067407608,
        0.03419755399227142,
        0.03375978767871857,
        0.030220894142985344
    ],
    "val_accuracy": [
        0.8601398468017578,
        0.9146853089332581,
        0.9048951268196106,
        0.9258741140365601,
        0.9482517242431641,
        0.9790209531784058,
        0.9622377753257751,
        0.9748252034187317,
        0.9944055676460266,
        0.9958041906356812,
        0.988811194896698,
        0.9902098178863525
    ],
    "val_loss": [
        0.2979784309864044,
        0.19753222167491913,
        0.1994972974061966,
        0.16011261940002441,
        0.11491834372282028,
        0.06752155721187592,
        0.09912711381912231,
        0.06131457909941673,
        0.02107718214392662,
        0.019034994766116142,
        0.029592415317893028,
        0.028866343200206757
    ]
}